Date,Topic
2024-07-15,Introduction to Python
2024-07-16,Data Types and Variables
2024-07-17,Control Structures
2024-07-18,Functions
2024-07-19,Modules and Packages
2024-07-20,Exception Handling
2024-07-21,File I/O
2024-07-22,Regular Expressions
2024-07-23,Data Structures
2024-07-24,OOP Basics
2024-07-25,Advanced OOP
2024-07-26,Python Libraries
2024-07-27,Data Analysis with Pandas
2024-07-28,Visualization with Matplotlib
2024-07-29,Intro to Machine Learning
2024-07-30,Supervised Learning
2024-07-31,Unsupervised Learning
2024-08-01,Model Evaluation
2024-08-02,Advanced ML Techniques
2024-08-03,Deep Learning
2024-08-04,Project Work
2024-08-05,Presentation Skills
2024-08-06,Review and Q&A
2024-08-07,Feedback Collection
2024-08-08,Wrap Up Session
2024-08-09,Additional Resources
2024-08-10,Preparation for Final Project
2024-08-11,Final Project Day 1
2024-08-12,Final Project Day 2
2024-08-13,Final Project Day 3
2024-08-14,Final Project Day 4
2024-08-15,Final Project Presentation
2024-08-16,Course Wrap Up
